{
  "host": "https://frascati.projectkeep.local:8880",
  "client_id": "cafb93-56ce-3f09ec",
  "client_secret": "d580e9-8127-99cb56",
  "callbackURL": "http://localhost:3000/auth/callback",
  "urls": {
    "authorizationURL": "/oauth/authorization",
    "tokenURL": "/oauth/token",
    "approvalList": "/api/v1/lists/PendingApprovals?dataSource=approvals&documents=true&count=10",
    "approvalSubmission": "/api/v1/document/{{pendingApproval}}?dataSource=approvals&mode=decision"
  },
  "scope": "approvals"
}
