{
  "host": "https://frascati.projectkeep.io",
  "client_id": "18684a-b0cf-a832c9",
  "client_secret": "128da1-82c0-65cdcc",
  "callbackURL": "http://localhost:3000/auth/callback",
  "urls": {
    "authorizationURL": "/oauth/authorization",
    "tokenURL": "/oauth/token",
    "approvalList": "/api/v1/lists/PendingApprovals?dataSource=trainingcorp&documents=true&count=10",
    "approvalSubmission": "/api/v1/document/{{pendingApproval}}?dataSource=trainingcorp&mode=decision"
  },
  "scope": "trainingcorp"
}
